USERNAME_ID,PASSWORD,FIRST_NAME,LAST_NAME,EMAIL_ADDRESS
mmicciolo,matthew,Matthew,Micciolo,mmicciolo@wpi.edu
iarroyo,ivon,Ivon,Arroyo,iarroyo@wpi.edu
eottmar,erin,Erin,Ottmar,eottmar@wpi.edu
thulse,tayln,Taylyn,Hulse,thulse@wpi.edu
aharrison,avery,Avery,Harrison,aharrison@wpi.edu
rchantani,rashid,Rashid,Chatani,rchatani@wpi.edu
ataricco,angela,Angela,Taricco,ataricco@wpi.edu
test1,test,test,test,test
test2,test,test,test,test
